"Name","Email","Date","Salary","Status"
"Glyn Giacoppo","ggiacoppo2r@apache.org","04/15/2021","$24973.48","Professional"
"Evangelina Carnock","ecarnock2q@washington.edu","01/26/2021","$23704.82","Resigned"
"Olivette Gudgin","ogudgin2p@gizmodo.com","04/09/2021","$15211.60","Professional"
"Reina Peckett","rpeckett2o@timesonline.co.uk","05/20/2021","$16619.40","Resigned"
"Alaric Beslier","abeslier2n@zimbio.com","04/16/2021","$19366.53","Resigned"
"Edwina Ebsworth","eebsworth2m@sbwire.com","09/27/2021","$19586.23","Current"
"Ronica Hasted","rhasted2l@hexun.com","07/04/2021","$24866.66","Resigned"
"Danya Faichnie","dfaichnie2k@weather.com","07/29/2021","$18469.35","Resigned"
"Yvonne Emberton","yemberton2j@blog.com","02/13/2021","$17550.18","Resigned"
"Julianne Bartosik","jbartosik2i@state.gov","02/06/2021","$17607.66","Rejected"
"Renate Shay","rshay2h@tumblr.com","03/15/2021","$18523.75","Current"
"Talya Brandon","tbrandon2g@ucoz.com","10/08/2021","$16284.64","Current"
"Jemimah Morgan","jmorgan2f@nifty.com","01/17/2021","$18330.72","Current"
"Glennie Riolfi","griolfi2e@drupal.org","06/18/2021","$15089.83","Rejected"
"Louis Paszak","lpaszak2d@behance.net","04/25/2021","$17178.86","Applied"
"Ruby Gimblet","rgimblet2c@1688.com","03/28/2021","$19562.59","Professional"
"Hanna Langthorne","hlangthorne2b@stumbleupon.com","11/11/2021","$14227.10","Rejected"
"Myrvyn Gilogly","mgilogly2a@elpais.com","05/13/2021","$10089.96","Resigned"
"Aila Quailadis","aquail29@prlog.org","02/11/2021","$24137.29","Resigned"
"Tammie Wattins","twattins28@statcounter.com","08/07/2021","$16049.93","Professional"
"Seamus Eisikovitsh","seisikovitsh27@usgs.gov","05/28/2021","$21963.69","Current"
"Stanislaw Melloy","smelloy26@fastcompany.com","04/13/2021","$16944.42","Professional"
"Shelli Ondracek","sondracek25@plala.or.jp","03/28/2021","$21922.17","Rejected"
"Babb Skirving","bskirving24@cbsnews.com","09/27/2021","$24733.28","Resigned"
"Elyn Watkinson","ewatkinson23@blogspot.com","09/30/2021","$14493.51","Current"
"Pegeen Peasegod","ppeasegod22@slideshare.net","05/21/2021","$24014.04","Rejected"
"Lucas Witherdon","lwitherdon21@storify.com","09/26/2021","$19387.76","Rejected"
"Aliza MacElholm","amacelholm20@printfriendly.com","11/17/2021","$16741.31","Professional"
"Bondon Hazard","bhazard1z@over-blog.com","01/17/2021","$11632.84","Resigned"
"Georges Tesyro","gtesyro1y@last.fm","01/27/2021","$19051.25","Current"
"Chrisse Birrane","cbirrane1x@google.com.br","05/22/2021","$15823.40","Applied"
"Ripley Rentcome","rrentcome1w@youtu.be","07/15/2021","$15396.66","Professional"
"Sharla Ibberson","sibberson1v@virginia.edu","11/01/2021","$15658.40","Current"
"Silvain Siebert","ssiebert1u@domainmarket.com","09/23/2021","$23347.17","Applied"
"Christos Kiley","ckiley1t@buzzfeed.com","02/27/2021","$16053.15","Current"
"Cletis Cervantes","ccervantes1s@de.vu","05/24/2021","$24769.08","Current"
"Annetta Glozman","aglozman1r@storify.com","08/25/2021","$10745.32","Applied"
"Henriette Croft","hcroft1q@desdev.cn","09/12/2021","$11049.79","Applied"
"Holly Edgworth","hedgworth1p@craigslist.org","08/05/2021","$13999.88","Applied"
"Nichole Dacres","ndacres1o@apache.org","11/06/2021","$18220.51","Rejected"
"Jules Auten","jauten1n@foxnews.com","08/13/2021","$13870.62","Resigned"
"Ferdie Georgeon","fgeorgeon1m@nhs.uk","04/08/2021","$12630.26","Professional"
"Wendi Somerlie","wsomerlie1l@accuweather.com","04/22/2021","$20023.52","Applied"
"Norry Stoller","nstoller1k@noaa.gov","02/04/2021","$15100.00","Resigned"
"Cybill Poyle","cpoyle1j@amazon.com","01/03/2021","$13951.96","Current"
"Tommie O'Corr","tocorr1i@nyu.edu","09/26/2021","$15228.80","Current"
"Marco Pennings","mpennings1h@bizjournals.com","06/15/2021","$13722.18","Rejected"
"Benito Rodolico","brodolico1g@sciencedirect.com","10/06/2021","$18866.55","Applied"
"Tammie Davydoch","tdavydoch1f@examiner.com","04/19/2021","$17617.08","Rejected"
"Edvard Dixsee","edixsee1e@unblog.fr","04/23/2021","$18053.11","Rejected"
"Mario Umbert","mumbert1d@digg.com","05/13/2021","$21813.54","Current"
"Krishnah Stilldale","kstilldale1c@chronoengine.com","03/18/2021","$10704.29","Current"
"Georgia McCrum","gmccrum1b@icio.us","04/19/2021","$14002.31","Current"
"Had Chatelot","hchatelot1a@usatoday.com","11/23/2021","$11446.30","Resigned"
"Moshe De Ambrosis","mde19@purevolume.com","02/10/2021","$10409.90","Applied"
"Meghann Bodechon","mbodechon18@1und1.de","07/23/2021","$23024.28","Resigned"
"Washington Bygraves","wbygraves17@howstuffworks.com","09/07/2021","$10552.43","Current"
"Ddene Chaplyn","dchaplyn16@nymag.com","01/23/2021","$11958.33","Professional"
"Lowrance Orsi","lorsi15@wp.com","12/10/2021","$24719.51","Current"
"Parker Bice","pbice14@ameblo.jp","03/02/2021","$17471.92","Applied"
"Hammad Condell","hcondell13@tiny.cc","11/04/2021","$10872.83","Resigned"
"Beatrix Longland","blongland12@gizmodo.com","07/18/2021","$22794.60","Professional"
"Alma Harvatt","aharvatt11@addtoany.com","11/04/2021","$21782.82","Current"
"Sheila-kathryn Haborn","shaborn10@about.com","11/10/2021","$24624.23","Rejected"
"Lorine Hearsum","lhearsumz@google.co.uk","03/05/2021","$22093.91","Resigned"
"Nat Hugonnet","nhugonnety@wufoo.com","09/11/2021","$13835.97","Resigned"
"Charlton Chatres","cchatresx@goo.gl","04/07/2021","$21386.52","Rejected"
"Aili De Coursey","adew@etsy.com","09/30/2021","$14082.44","Applied"
"Marcelia Alleburton","malleburtonv@amazon.com","06/02/2021","$23888.98","Professional"
"Teressa Bleakman","tbleakmanu@phpbb.com","09/03/2021","$24875.41","Applied"
"Gilbert McFade","gmcfadet@irs.gov","08/28/2021","$21632.30","Professional"
"Devin Bridgland","dbridglands@odnoklassniki.ru","07/17/2021","$13508.15","Rejected"
"Kliment McGinney","kmcginneyr@paginegialle.it","07/09/2021","$24027.81","Resigned"
"Onfroi Doughton","odoughtonq@aboutads.info","09/29/2021","$23796.62","Rejected"
"Morgen Benes","mbenesp@ted.com","04/10/2021","$16969.63","Resigned"
"Carmita Medling","cmedlingo@hp.com","07/31/2021","$13602.24","Rejected"
"Scott Jiran","sjirann@simplemachines.org","05/26/2021","$23081.71","Current"
"Rosmunda Steed","rsteedm@xing.com","12/23/2021","$13778.34","Applied"
"Faun Josefsen","fjosefsenl@samsung.com","07/08/2021","$11209.16","Rejected"
"Natalina Tyne","ntynek@merriam-webster.com","03/16/2021","$15256.40","Professional"
"Latashia Lewtey","llewteyj@sun.com","08/03/2021","$18303.87","Current"
"Roxie Huck","rhucki@ed.gov","04/04/2021","$19653.56","Resigned"
"Titus Hayne","thayneh@kickstarter.com","05/25/2021","$16871.48","Current"
"Nadia Bettenson","nbettensong@joomla.org","07/11/2021","$20484.44","Current"
"Robinson Brazenor","rbrazenorf@symantec.com","12/23/2021","$11953.08","Applied"
"Wilmar Bourton","wbourtone@sakura.ne.jp","04/25/2021","$13304.45","Applied"
"Othilia Extill","oextilld@theatlantic.com","02/01/2021","$18442.34","Professional"
"Tallou Balf","tbalfc@sina.com.cn","01/21/2021","$15488.53","Resigned"
"Cyrus Gornal","cgornalb@fda.gov","12/09/2021","$16745.47","Resigned"
"De Falloon","dfalloona@ifeng.com","06/12/2021","$19252.12","Resigned"
"Merline Penhalewick","mpenhalewick9@php.net","04/19/2021","$15939.52","Professional"
"Allyson Moakler","amoakler8@shareasale.com","12/29/2021","$11677.32","Applied"
"Richardo Aldren","raldren7@mtv.com","11/05/2021","$19230.13","Rejected"
"Eileen Diehn","ediehn6@163.com","10/15/2021","$18991.67","Rejected"
"Genevra Honeywood","ghoneywood5@narod.ru","06/01/2021","$17803.80","Current"
"Harmonia Nisius","hnisius4@gnu.org","08/25/2021","$10909.52","Professional"
"Dorolice Crossman","dcrossman3@google.co.jp","12/03/2021","$12336.17","Professional"
"Stella Ganderton","sganderton2@tuttocitta.it","03/24/2021","$13076.28","Applied"
"Bailie Coulman","bcoulman1@yolasite.com","05/20/2021","$13633.69","Professional"
"Korrie O'Crevy","kocrevy0@thetimes.co.uk","09/23/2021","$23896.35","Professional"